CO2 prices,,,,,,,,,,,,,,,,,,,,,,,,
scenario,region,market,1990,2005,2010,2015,2020,2025,2030,2035,2040,2045,2050,2055,2060,2065,2070,2075,2080,2085,2090,2095,2100,Units
"NEWdac_netzero_usa_global_ssp2_highEV_lowCCS,date=2022-25-10T21:52:49+20:00",Global,AKCO2 removal,0.001,0.001,0.001,0.001,0.001,0.492093,0.700523,0.792601,0.82809,0.829319,0.848562,1,1,1,1,1,1,1,1,1,1,1975$/kg
"NEWdac_netzero_usa_global_ssp2_highEV_lowCCS,date=2022-25-10T21:52:49+20:00",Global,AKCO2 removal-tfe,1,1,1,1,1,1,1,1,1,1,1,1,1,1,1,1,1,1,1,1,1,EJ
"NEWdac_netzero_usa_global_ssp2_highEV_lowCCS,date=2022-25-10T21:52:49+20:00",Global,AKairCO2,0,0,0,0,0,-0.0605629,-0.113423,-0.191145,-0.246206,-0.290296,-0.26917,1,1,1,1,1,1,1,1,1,1,1975$/kg
"NEWdac_netzero_usa_global_ssp2_highEV_lowCCS,date=2022-25-10T21:52:49+20:00",Global,ALCO2 removal,0.001,0.001,0.001,0.001,0.001,0.00100002,0.0010005,0.00101856,0.0012951,0.00388314,0.00599817,1,1,1,1,1,1,1,1,1,1,1975$/kg
"NEWdac_netzero_usa_global_ssp2_highEV_lowCCS,date=2022-25-10T21:52:49+20:00",Global,ALCO2 removal-tfe,1,1,1,1,1,1,1,1,1,1,1,1,1,1,1,1,1,1,1,1,1,EJ
"NEWdac_netzero_usa_global_ssp2_highEV_lowCCS,date=2022-25-10T21:52:49+20:00",Global,ALairCO2,0,0,0,0,0,-0.0605629,-0.113423,-0.191145,-0.246206,-0.290296,-0.26917,1,1,1,1,1,1,1,1,1,1,1975$/kg
"NEWdac_netzero_usa_global_ssp2_highEV_lowCCS,date=2022-25-10T21:52:49+20:00",Global,ARCO2 removal,0.001,0.001,0.001,0.001,0.001,0.00100002,0.00100057,0.00102112,0.00133197,0.00417156,0.00644995,1,1,1,1,1,1,1,1,1,1,1975$/kg
"NEWdac_netzero_usa_global_ssp2_highEV_lowCCS,date=2022-25-10T21:52:49+20:00",Global,ARCO2 removal-tfe,1,1,1,1,1,1,1,1,1,1,1,1,1,1,1,1,1,1,1,1,1,EJ
"NEWdac_netzero_usa_global_ssp2_highEV_lowCCS,date=2022-25-10T21:52:49+20:00",Global,ARairCO2,0,0,0,0,0,-0.0605629,-0.113423,-0.191145,-0.246206,-0.290296,-0.26917,1,1,1,1,1,1,1,1,1,1,1975$/kg
"NEWdac_netzero_usa_global_ssp2_highEV_lowCCS,date=2022-25-10T21:52:49+20:00",Global,AZCO2 removal,0.001,0.001,0.001,0.001,0.001,0.0010001,0.00100279,0.00109479,0.00237097,0.00971088,0.0132048,1,1,1,1,1,1,1,1,1,1,1975$/kg
"NEWdac_netzero_usa_global_ssp2_highEV_lowCCS,date=2022-25-10T21:52:49+20:00",Global,AZCO2 removal-tfe,1,1,1,1,1,1,1,1,1,1,1,1,1,1,1,1,1,1,1,1,1,EJ
"NEWdac_netzero_usa_global_ssp2_highEV_lowCCS,date=2022-25-10T21:52:49+20:00",Global,AZairCO2,0,0,0,0,0,-0.0605629,-0.113423,-0.191145,-0.246206,-0.290296,-0.26917,1,1,1,1,1,1,1,1,1,1,1975$/kg
"NEWdac_netzero_usa_global_ssp2_highEV_lowCCS,date=2022-25-10T21:52:49+20:00",Global,Africa_EasternCO2 removal,0.001,0.001,0.001,0.001,0.001,0.00100006,0.00100097,0.00101033,0.00112861,0.00298187,0.00824001,1,1,1,1,1,1,1,1,1,1,1975$/kg
"NEWdac_netzero_usa_global_ssp2_highEV_lowCCS,date=2022-25-10T21:52:49+20:00",Global,Africa_EasternCO2 removal-tfe,1,1,1,1,1,1,1,1,1,1,1,1,1,1,1,1,1,1,1,1,1,EJ
"NEWdac_netzero_usa_global_ssp2_highEV_lowCCS,date=2022-25-10T21:52:49+20:00",Global,Africa_EasternairCO2,0,0,0,0,0,-0.0444253,-0.0901879,-0.128534,-0.172649,-0.228165,-0.246492,1,1,1,1,1,1,1,1,1,1,1975$/kg
"NEWdac_netzero_usa_global_ssp2_highEV_lowCCS,date=2022-25-10T21:52:49+20:00",Global,Africa_NorthernCO2 removal,0.001,0.001,0.001,0.001,0.001,0.00100007,0.00100145,0.00101707,0.00117886,0.00287923,0.00715587,1,1,1,1,1,1,1,1,1,1,1975$/kg
"NEWdac_netzero_usa_global_ssp2_highEV_lowCCS,date=2022-25-10T21:52:49+20:00",Global,Africa_NorthernCO2 removal-tfe,1,1,1,1,1,1,1,1,1,1,1,1,1,1,1,1,1,1,1,1,1,EJ
"NEWdac_netzero_usa_global_ssp2_highEV_lowCCS,date=2022-25-10T21:52:49+20:00",Global,Africa_NorthernairCO2,0,0,0,0,0,-0.0444253,-0.0901879,-0.128534,-0.172649,-0.228165,-0.246492,1,1,1,1,1,1,1,1,1,1,1975$/kg
"NEWdac_netzero_usa_global_ssp2_highEV_lowCCS,date=2022-25-10T21:52:49+20:00",Global,Africa_SouthernCO2 removal,0.001,0.001,0.001,0.001,0.001,0.00100003,0.00100055,0.00100749,0.00109476,0.00237624,0.0061806,1,1,1,1,1,1,1,1,1,1,1975$/kg
"NEWdac_netzero_usa_global_ssp2_highEV_lowCCS,date=2022-25-10T21:52:49+20:00",Global,Africa_SouthernCO2 removal-tfe,1,1,1,1,1,1,1,1,1,1,1,1,1,1,1,1,1,1,1,1,1,EJ
"NEWdac_netzero_usa_global_ssp2_highEV_lowCCS,date=2022-25-10T21:52:49+20:00",Global,Africa_SouthernairCO2,0,0,0,0,0,-0.0444253,-0.0901879,-0.128534,-0.172649,-0.228165,-0.246492,1,1,1,1,1,1,1,1,1,1,1975$/kg
"NEWdac_netzero_usa_global_ssp2_highEV_lowCCS,date=2022-25-10T21:52:49+20:00",Global,Africa_WesternCO2 removal,0.001,0.001,0.001,0.001,0.001,0.00100009,0.00100173,0.00102028,0.00122049,0.00371119,0.0100514,1,1,1,1,1,1,1,1,1,1,1975$/kg
"NEWdac_netzero_usa_global_ssp2_highEV_lowCCS,date=2022-25-10T21:52:49+20:00",Global,Africa_WesternCO2 removal-tfe,1,1,1,1,1,1,1,1,1,1,1,1,1,1,1,1,1,1,1,1,1,EJ
"NEWdac_netzero_usa_global_ssp2_highEV_lowCCS,date=2022-25-10T21:52:49+20:00",Global,Africa_WesternairCO2,0,0,0,0,0,-0.0444253,-0.0901879,-0.128534,-0.172649,-0.228165,-0.246492,1,1,1,1,1,1,1,1,1,1,1975$/kg
"NEWdac_netzero_usa_global_ssp2_highEV_lowCCS,date=2022-25-10T21:52:49+20:00",Global,ArgentinaCO2 removal,0.001,0.001,0.001,0.001,0.001,0.0010001,0.00100251,0.00103211,0.00137677,0.00551541,0.013551,1,1,1,1,1,1,1,1,1,1,1975$/kg
"NEWdac_netzero_usa_global_ssp2_highEV_lowCCS,date=2022-25-10T21:52:49+20:00",Global,ArgentinaCO2 removal-tfe,1,1,1,1,1,1,1,1,1,1,1,1,1,1,1,1,1,1,1,1,1,EJ
"NEWdac_netzero_usa_global_ssp2_highEV_lowCCS,date=2022-25-10T21:52:49+20:00",Global,ArgentinaairCO2,0,0,0,0,0,-0.0444253,-0.0901879,-0.128534,-0.172649,-0.228165,-0.246492,1,1,1,1,1,1,1,1,1,1,1975$/kg
"NEWdac_netzero_usa_global_ssp2_highEV_lowCCS,date=2022-25-10T21:52:49+20:00",Global,Australia_NZCO2 removal,0.001,0.001,0.001,0.001,0.001,0.00100013,0.00100258,0.00102669,0.00128075,0.00483843,0.0133293,1,1,1,1,1,1,1,1,1,1,1975$/kg
"NEWdac_netzero_usa_global_ssp2_highEV_lowCCS,date=2022-25-10T21:52:49+20:00",Global,Australia_NZCO2 removal-tfe,1,1,1,1,1,1,1,1,1,1,1,1,1,1,1,1,1,1,1,1,1,EJ
"NEWdac_netzero_usa_global_ssp2_highEV_lowCCS,date=2022-25-10T21:52:49+20:00",Global,Australia_NZairCO2,0,0,0,0,0,-0.0444253,-0.0901879,-0.128534,-0.172649,-0.228165,-0.246492,1,1,1,1,1,1,1,1,1,1,1975$/kg
"NEWdac_netzero_usa_global_ssp2_highEV_lowCCS,date=2022-25-10T21:52:49+20:00",Global,BrazilCO2 removal,0.001,0.001,0.001,0.001,0.001,0.00100009,0.00100212,0.00102581,0.00129654,0.00476733,0.0130525,1,1,1,1,1,1,1,1,1,1,1975$/kg
"NEWdac_netzero_usa_global_ssp2_highEV_lowCCS,date=2022-25-10T21:52:49+20:00",Global,BrazilCO2 removal-tfe,1,1,1,1,1,1,1,1,1,1,1,1,1,1,1,1,1,1,1,1,1,EJ
"NEWdac_netzero_usa_global_ssp2_highEV_lowCCS,date=2022-25-10T21:52:49+20:00",Global,BrazilairCO2,0,0,0,0,0,-0.0444253,-0.0901879,-0.128534,-0.172649,-0.228165,-0.246492,1,1,1,1,1,1,1,1,1,1,1975$/kg
"NEWdac_netzero_usa_global_ssp2_highEV_lowCCS,date=2022-25-10T21:52:49+20:00",Global,CACO2 removal,0.001,0.001,0.001,0.001,0.001,0.00100012,0.00100293,0.00109005,0.00205378,0.00711181,0.00823499,1,1,1,1,1,1,1,1,1,1,1975$/kg
"NEWdac_netzero_usa_global_ssp2_highEV_lowCCS,date=2022-25-10T21:52:49+20:00",Global,CACO2 removal-tfe,1,1,1,1,1,1,1,1,1,1,1,1,1,1,1,1,1,1,1,1,1,EJ
"NEWdac_netzero_usa_global_ssp2_highEV_lowCCS,date=2022-25-10T21:52:49+20:00",Global,CAairCO2,0,0,0,0,0,-0.0605629,-0.113423,-0.191145,-0.246206,-0.290296,-0.26917,1,1,1,1,1,1,1,1,1,1,1975$/kg
"NEWdac_netzero_usa_global_ssp2_highEV_lowCCS,date=2022-25-10T21:52:49+20:00",Global,COCO2 removal,0.001,0.001,0.001,0.001,0.001,0.0010001,0.0010028,0.00109515,0.00237634,0.00972353,0.0132187,1,1,1,1,1,1,1,1,1,1,1975$/kg
"NEWdac_netzero_usa_global_ssp2_highEV_lowCCS,date=2022-25-10T21:52:49+20:00",Global,COCO2 removal-tfe,1,1,1,1,1,1,1,1,1,1,1,1,1,1,1,1,1,1,1,1,1,EJ
"NEWdac_netzero_usa_global_ssp2_highEV_lowCCS,date=2022-25-10T21:52:49+20:00",Global,COairCO2,0,0,0,0,0,-0.0605629,-0.113423,-0.191145,-0.246206,-0.290296,-0.26917,1,1,1,1,1,1,1,1,1,1,1975$/kg
"NEWdac_netzero_usa_global_ssp2_highEV_lowCCS,date=2022-25-10T21:52:49+20:00",Global,CTCO2 removal,0.001,0.001,0.001,0.001,0.001,0.001,0.001,0.00100002,0.00100055,0.00101045,0.00102837,1,1,1,1,1,1,1,1,1,1,1975$/kg
"NEWdac_netzero_usa_global_ssp2_highEV_lowCCS,date=2022-25-10T21:52:49+20:00",Global,CTCO2 removal-tfe,1,1,1,1,1,1,1,1,1,1,1,1,1,1,1,1,1,1,1,1,1,EJ
"NEWdac_netzero_usa_global_ssp2_highEV_lowCCS,date=2022-25-10T21:52:49+20:00",Global,CTairCO2,0,0,0,0,0,-0.0605629,-0.113423,-0.191145,-0.246206,-0.290296,-0.26917,1,1,1,1,1,1,1,1,1,1,1975$/kg
"NEWdac_netzero_usa_global_ssp2_highEV_lowCCS,date=2022-25-10T21:52:49+20:00",Global,CanadaCO2 removal,0.001,0.001,0.001,0.001,0.001,0.00100008,0.00100182,0.00102273,0.00129075,0.00492791,0.0133169,1,1,1,1,1,1,1,1,1,1,1975$/kg
"NEWdac_netzero_usa_global_ssp2_highEV_lowCCS,date=2022-25-10T21:52:49+20:00",Global,CanadaCO2 removal-tfe,1,1,1,1,1,1,1,1,1,1,1,1,1,1,1,1,1,1,1,1,1,EJ
"NEWdac_netzero_usa_global_ssp2_highEV_lowCCS,date=2022-25-10T21:52:49+20:00",Global,CanadaairCO2,0,0,0,0,0,-0.0444253,-0.0901879,-0.128534,-0.172649,-0.228165,-0.246492,1,1,1,1,1,1,1,1,1,1,1975$/kg
"NEWdac_netzero_usa_global_ssp2_highEV_lowCCS,date=2022-25-10T21:52:49+20:00",Global,Central America and CaribbeanCO2 removal,0.001,0.001,0.001,0.001,0.001,0.00100008,0.00100151,0.00101687,0.00121079,0.00392988,0.0113288,1,1,1,1,1,1,1,1,1,1,1975$/kg
"NEWdac_netzero_usa_global_ssp2_highEV_lowCCS,date=2022-25-10T21:52:49+20:00",Global,Central America and CaribbeanCO2 removal-tfe,1,1,1,1,1,1,1,1,1,1,1,1,1,1,1,1,1,1,1,1,1,EJ
"NEWdac_netzero_usa_global_ssp2_highEV_lowCCS,date=2022-25-10T21:52:49+20:00",Global,Central America and CaribbeanairCO2,0,0,0,0,0,-0.0444253,-0.0901879,-0.128534,-0.172649,-0.228165,-0.246492,1,1,1,1,1,1,1,1,1,1,1975$/kg
"NEWdac_netzero_usa_global_ssp2_highEV_lowCCS,date=2022-25-10T21:52:49+20:00",Global,Central AsiaCO2 removal,0.001,0.001,0.001,0.001,0.001,0.00100009,0.00100199,0.00102261,0.00124033,0.0042056,0.011909,1,1,1,1,1,1,1,1,1,1,1975$/kg
"NEWdac_netzero_usa_global_ssp2_highEV_lowCCS,date=2022-25-10T21:52:49+20:00",Global,Central AsiaCO2 removal-tfe,1,1,1,1,1,1,1,1,1,1,1,1,1,1,1,1,1,1,1,1,1,EJ
"NEWdac_netzero_usa_global_ssp2_highEV_lowCCS,date=2022-25-10T21:52:49+20:00",Global,Central AsiaairCO2,0,0,0,0,0,-0.0444253,-0.0901879,-0.128534,-0.172649,-0.228165,-0.246492,1,1,1,1,1,1,1,1,1,1,1975$/kg
"NEWdac_netzero_usa_global_ssp2_highEV_lowCCS,date=2022-25-10T21:52:49+20:00",Global,ChinaCO2 removal,0.001,0.001,0.001,0.001,0.001,0.00100004,0.00100078,0.00100997,0.00114386,0.00355112,0.011412,1,1,1,1,1,1,1,1,1,1,1975$/kg
"NEWdac_netzero_usa_global_ssp2_highEV_lowCCS,date=2022-25-10T21:52:49+20:00",Global,ChinaCO2 removal-tfe,1,1,1,1,1,1,1,1,1,1,1,1,1,1,1,1,1,1,1,1,1,EJ
"NEWdac_netzero_usa_global_ssp2_highEV_lowCCS,date=2022-25-10T21:52:49+20:00",Global,ChinaairCO2,0,0,0,0,0,-0.0444253,-0.0901879,-0.128534,-0.172649,-0.228165,-0.246492,1,1,1,1,1,1,1,1,1,1,1975$/kg
"NEWdac_netzero_usa_global_ssp2_highEV_lowCCS,date=2022-25-10T21:52:49+20:00",Global,ColombiaCO2 removal,0.001,0.001,0.001,0.001,0.001,0.00100012,0.00100238,0.00102738,0.00129894,0.00494565,0.0128439,1,1,1,1,1,1,1,1,1,1,1975$/kg
"NEWdac_netzero_usa_global_ssp2_highEV_lowCCS,date=2022-25-10T21:52:49+20:00",Global,ColombiaCO2 removal-tfe,1,1,1,1,1,1,1,1,1,1,1,1,1,1,1,1,1,1,1,1,1,EJ
"NEWdac_netzero_usa_global_ssp2_highEV_lowCCS,date=2022-25-10T21:52:49+20:00",Global,ColombiaairCO2,0,0,0,0,0,-0.0444253,-0.0901879,-0.128534,-0.172649,-0.228165,-0.246492,1,1,1,1,1,1,1,1,1,1,1975$/kg
"NEWdac_netzero_usa_global_ssp2_highEV_lowCCS,date=2022-25-10T21:52:49+20:00",Global,DCCO2 removal,0.001,0.001,0.001,0.001,0.001,0.170944,0.214595,0.196248,0.160461,0.113701,0.10447,1,1,1,1,1,1,1,1,1,1,1975$/kg
"NEWdac_netzero_usa_global_ssp2_highEV_lowCCS,date=2022-25-10T21:52:49+20:00",Global,DCCO2 removal-tfe,1,1,1,1,1,1,1,1,1,1,1,1,1,1,1,1,1,1,1,1,1,EJ
"NEWdac_netzero_usa_global_ssp2_highEV_lowCCS,date=2022-25-10T21:52:49+20:00",Global,DCairCO2,0,0,0,0,0,-0.0605629,-0.113423,-0.191145,-0.246206,-0.290296,-0.26917,1,1,1,1,1,1,1,1,1,1,1975$/kg
"NEWdac_netzero_usa_global_ssp2_highEV_lowCCS,date=2022-25-10T21:52:49+20:00",Global,DECO2 removal,0.001,0.001,0.001,0.001,0.001,0.00100001,0.00100045,0.00101694,0.00127178,0.00380083,0.00594096,1,1,1,1,1,1,1,1,1,1,1975$/kg
"NEWdac_netzero_usa_global_ssp2_highEV_lowCCS,date=2022-25-10T21:52:49+20:00",Global,DECO2 removal-tfe,1,1,1,1,1,1,1,1,1,1,1,1,1,1,1,1,1,1,1,1,1,EJ
"NEWdac_netzero_usa_global_ssp2_highEV_lowCCS,date=2022-25-10T21:52:49+20:00",Global,DEairCO2,0,0,0,0,0,-0.0605629,-0.113423,-0.191145,-0.246206,-0.290296,-0.26917,1,1,1,1,1,1,1,1,1,1,1975$/kg
"NEWdac_netzero_usa_global_ssp2_highEV_lowCCS,date=2022-25-10T21:52:49+20:00",Global,EU-12CO2 removal,0.001,0.001,0.001,0.001,0.001,0.00100005,0.00100108,0.00101282,0.00114674,0.002699,0.00691167,1,1,1,1,1,1,1,1,1,1,1975$/kg
"NEWdac_netzero_usa_global_ssp2_highEV_lowCCS,date=2022-25-10T21:52:49+20:00",Global,EU-12CO2 removal-tfe,1,1,1,1,1,1,1,1,1,1,1,1,1,1,1,1,1,1,1,1,1,EJ
"NEWdac_netzero_usa_global_ssp2_highEV_lowCCS,date=2022-25-10T21:52:49+20:00",Global,EU-12airCO2,0,0,0,0,0,-0.0444253,-0.0901879,-0.128534,-0.172649,-0.228165,-0.246492,1,1,1,1,1,1,1,1,1,1,1975$/kg
"NEWdac_netzero_usa_global_ssp2_highEV_lowCCS,date=2022-25-10T21:52:49+20:00",Global,EU-15CO2 removal,0.001,0.001,0.001,0.001,0.001,0.00100006,0.00100115,0.00101357,0.00116378,0.00301299,0.00776922,1,1,1,1,1,1,1,1,1,1,1975$/kg
"NEWdac_netzero_usa_global_ssp2_highEV_lowCCS,date=2022-25-10T21:52:49+20:00",Global,EU-15CO2 removal-tfe,1,1,1,1,1,1,1,1,1,1,1,1,1,1,1,1,1,1,1,1,1,EJ
"NEWdac_netzero_usa_global_ssp2_highEV_lowCCS,date=2022-25-10T21:52:49+20:00",Global,EU-15airCO2,0,0,0,0,0,-0.0444253,-0.0901879,-0.128534,-0.172649,-0.228165,-0.246492,1,1,1,1,1,1,1,1,1,1,1975$/kg
"NEWdac_netzero_usa_global_ssp2_highEV_lowCCS,date=2022-25-10T21:52:49+20:00",Global,Europe_EasternCO2 removal,0.001,0.001,0.001,0.001,0.001,0.00100006,0.00100131,0.00101657,0.0011993,0.00374221,0.0110075,1,1,1,1,1,1,1,1,1,1,1975$/kg
"NEWdac_netzero_usa_global_ssp2_highEV_lowCCS,date=2022-25-10T21:52:49+20:00",Global,Europe_EasternCO2 removal-tfe,1,1,1,1,1,1,1,1,1,1,1,1,1,1,1,1,1,1,1,1,1,EJ
"NEWdac_netzero_usa_global_ssp2_highEV_lowCCS,date=2022-25-10T21:52:49+20:00",Global,Europe_EasternairCO2,0,0,0,0,0,-0.0444253,-0.0901879,-0.128534,-0.172649,-0.228165,-0.246492,1,1,1,1,1,1,1,1,1,1,1975$/kg
"NEWdac_netzero_usa_global_ssp2_highEV_lowCCS,date=2022-25-10T21:52:49+20:00",Global,Europe_Non_EUCO2 removal,0.001,0.001,0.001,0.001,0.001,0.00100007,0.0010014,0.00101561,0.00116741,0.00278589,0.00686165,1,1,1,1,1,1,1,1,1,1,1975$/kg
"NEWdac_netzero_usa_global_ssp2_highEV_lowCCS,date=2022-25-10T21:52:49+20:00",Global,Europe_Non_EUCO2 removal-tfe,1,1,1,1,1,1,1,1,1,1,1,1,1,1,1,1,1,1,1,1,1,EJ
"NEWdac_netzero_usa_global_ssp2_highEV_lowCCS,date=2022-25-10T21:52:49+20:00",Global,Europe_Non_EUairCO2,0,0,0,0,0,-0.0444253,-0.0901879,-0.128534,-0.172649,-0.228165,-0.246492,1,1,1,1,1,1,1,1,1,1,1975$/kg
"NEWdac_netzero_usa_global_ssp2_highEV_lowCCS,date=2022-25-10T21:52:49+20:00",Global,European Free Trade AssociationCO2 removal,0.001,0.001,0.001,0.001,0.001,0.00100009,0.00100183,0.00102169,0.0012613,0.00457634,0.0118181,1,1,1,1,1,1,1,1,1,1,1975$/kg
"NEWdac_netzero_usa_global_ssp2_highEV_lowCCS,date=2022-25-10T21:52:49+20:00",Global,European Free Trade AssociationCO2 removal-tfe,1,1,1,1,1,1,1,1,1,1,1,1,1,1,1,1,1,1,1,1,1,EJ
"NEWdac_netzero_usa_global_ssp2_highEV_lowCCS,date=2022-25-10T21:52:49+20:00",Global,European Free Trade AssociationairCO2,0,0,0,0,0,-0.0444253,-0.0901879,-0.128534,-0.172649,-0.228165,-0.246492,1,1,1,1,1,1,1,1,1,1,1975$/kg
"NEWdac_netzero_usa_global_ssp2_highEV_lowCCS,date=2022-25-10T21:52:49+20:00",Global,FLCO2 removal,0.001,0.001,0.001,0.001,0.001,0.00100003,0.00100088,0.00103144,0.001487,0.00530334,0.00819499,1,1,1,1,1,1,1,1,1,1,1975$/kg
"NEWdac_netzero_usa_global_ssp2_highEV_lowCCS,date=2022-25-10T21:52:49+20:00",Global,FLCO2 removal-tfe,1,1,1,1,1,1,1,1,1,1,1,1,1,1,1,1,1,1,1,1,1,EJ
"NEWdac_netzero_usa_global_ssp2_highEV_lowCCS,date=2022-25-10T21:52:49+20:00",Global,FLairCO2,0,0,0,0,0,-0.0605629,-0.113423,-0.191145,-0.246206,-0.290296,-0.26917,1,1,1,1,1,1,1,1,1,1,1975$/kg
"NEWdac_netzero_usa_global_ssp2_highEV_lowCCS,date=2022-25-10T21:52:49+20:00",Global,GACO2 removal,0.001,0.001,0.001,0.001,0.001,0.00100002,0.0010005,0.00101856,0.0012951,0.00388312,0.00599815,1,1,1,1,1,1,1,1,1,1,1975$/kg
"NEWdac_netzero_usa_global_ssp2_highEV_lowCCS,date=2022-25-10T21:52:49+20:00",Global,GACO2 removal-tfe,1,1,1,1,1,1,1,1,1,1,1,1,1,1,1,1,1,1,1,1,1,EJ
"NEWdac_netzero_usa_global_ssp2_highEV_lowCCS,date=2022-25-10T21:52:49+20:00",Global,GAairCO2,0,0,0,0,0,-0.0605629,-0.113423,-0.191145,-0.246206,-0.290296,-0.26917,1,1,1,1,1,1,1,1,1,1,1975$/kg
"NEWdac_netzero_usa_global_ssp2_highEV_lowCCS,date=2022-25-10T21:52:49+20:00",Global,GlobalCO2,0,0,0,0,0,98.2688,199.496,284.318,381.899,504.701,545.241,0,0,0,0,0,0,0,0,0,0,1990$/tC
"NEWdac_netzero_usa_global_ssp2_highEV_lowCCS,date=2022-25-10T21:52:49+20:00",Global,GlobalCO2_LUC,0,0,0,0,0,6.1418,24.9369,53.3095,95.4747,157.719,204.465,0,0,0,0,0,0,0,0,0,0,1990$/tC
"NEWdac_netzero_usa_global_ssp2_highEV_lowCCS,date=2022-25-10T21:52:49+20:00",Global,HICO2 removal,0.001,0.001,0.001,0.001,0.001,0.529618,0.755072,0.838345,0.864087,0.857253,0.872464,1,1,1,1,1,1,1,1,1,1,1975$/kg
"NEWdac_netzero_usa_global_ssp2_highEV_lowCCS,date=2022-25-10T21:52:49+20:00",Global,HICO2 removal-tfe,1,1,1,1,1,1,1,1,1,1,1,1,1,1,1,1,1,1,1,1,1,EJ
"NEWdac_netzero_usa_global_ssp2_highEV_lowCCS,date=2022-25-10T21:52:49+20:00",Global,HIairCO2,0,0,0,0,0,-0.0605629,-0.113423,-0.191145,-0.246206,-0.290296,-0.26917,1,1,1,1,1,1,1,1,1,1,1975$/kg
"NEWdac_netzero_usa_global_ssp2_highEV_lowCCS,date=2022-25-10T21:52:49+20:00",Global,IACO2 removal,0.001,0.001,0.001,0.001,0.001,0.00100001,0.00100033,0.00101121,0.0011811,0.00297537,0.00450708,1,1,1,1,1,1,1,1,1,1,1975$/kg
"NEWdac_netzero_usa_global_ssp2_highEV_lowCCS,date=2022-25-10T21:52:49+20:00",Global,IACO2 removal-tfe,1,1,1,1,1,1,1,1,1,1,1,1,1,1,1,1,1,1,1,1,1,EJ
"NEWdac_netzero_usa_global_ssp2_highEV_lowCCS,date=2022-25-10T21:52:49+20:00",Global,IAairCO2,0,0,0,0,0,-0.0605629,-0.113423,-0.191145,-0.246206,-0.290296,-0.26917,1,1,1,1,1,1,1,1,1,1,1975$/kg
"NEWdac_netzero_usa_global_ssp2_highEV_lowCCS,date=2022-25-10T21:52:49+20:00",Global,IDCO2 removal,0.001,0.001,0.001,0.001,0.001,0.00100003,0.00100086,0.00103368,0.00154788,0.00605568,0.00926167,1,1,1,1,1,1,1,1,1,1,1975$/kg
"NEWdac_netzero_usa_global_ssp2_highEV_lowCCS,date=2022-25-10T21:52:49+20:00",Global,IDCO2 removal-tfe,1,1,1,1,1,1,1,1,1,1,1,1,1,1,1,1,1,1,1,1,1,EJ
"NEWdac_netzero_usa_global_ssp2_highEV_lowCCS,date=2022-25-10T21:52:49+20:00",Global,IDairCO2,0,0,0,0,0,-0.0605629,-0.113423,-0.191145,-0.246206,-0.290296,-0.26917,1,1,1,1,1,1,1,1,1,1,1975$/kg
"NEWdac_netzero_usa_global_ssp2_highEV_lowCCS,date=2022-25-10T21:52:49+20:00",Global,ILCO2 removal,0.001,0.001,0.001,0.001,0.001,0.00100004,0.00100104,0.00103621,0.00156684,0.00603891,0.0094693,1,1,1,1,1,1,1,1,1,1,1975$/kg
"NEWdac_netzero_usa_global_ssp2_highEV_lowCCS,date=2022-25-10T21:52:49+20:00",Global,ILCO2 removal-tfe,1,1,1,1,1,1,1,1,1,1,1,1,1,1,1,1,1,1,1,1,1,EJ
"NEWdac_netzero_usa_global_ssp2_highEV_lowCCS,date=2022-25-10T21:52:49+20:00",Global,ILairCO2,0,0,0,0,0,-0.0605629,-0.113423,-0.191145,-0.246206,-0.290296,-0.26917,1,1,1,1,1,1,1,1,1,1,1975$/kg
"NEWdac_netzero_usa_global_ssp2_highEV_lowCCS,date=2022-25-10T21:52:49+20:00",Global,INCO2 removal,0.001,0.001,0.001,0.001,0.001,0.00100007,0.00100184,0.0010606,0.00192105,0.00789528,0.0118006,1,1,1,1,1,1,1,1,1,1,1975$/kg
"NEWdac_netzero_usa_global_ssp2_highEV_lowCCS,date=2022-25-10T21:52:49+20:00",Global,INCO2 removal-tfe,1,1,1,1,1,1,1,1,1,1,1,1,1,1,1,1,1,1,1,1,1,EJ
"NEWdac_netzero_usa_global_ssp2_highEV_lowCCS,date=2022-25-10T21:52:49+20:00",Global,INairCO2,0,0,0,0,0,-0.0605629,-0.113423,-0.191145,-0.246206,-0.290296,-0.26917,1,1,1,1,1,1,1,1,1,1,1975$/kg
"NEWdac_netzero_usa_global_ssp2_highEV_lowCCS,date=2022-25-10T21:52:49+20:00",Global,IndiaCO2 removal,0.001,0.001,0.001,0.001,0.001,0.00100005,0.00100089,0.00100839,0.00105302,0.00137949,0.00195834,1,1,1,1,1,1,1,1,1,1,1975$/kg
"NEWdac_netzero_usa_global_ssp2_highEV_lowCCS,date=2022-25-10T21:52:49+20:00",Global,IndiaCO2 removal-tfe,1,1,1,1,1,1,1,1,1,1,1,1,1,1,1,1,1,1,1,1,1,EJ
"NEWdac_netzero_usa_global_ssp2_highEV_lowCCS,date=2022-25-10T21:52:49+20:00",Global,IndiaairCO2,0,0,0,0,0,-0.0444253,-0.0901879,-0.128534,-0.172649,-0.228165,-0.246492,1,1,1,1,1,1,1,1,1,1,1975$/kg
"NEWdac_netzero_usa_global_ssp2_highEV_lowCCS,date=2022-25-10T21:52:49+20:00",Global,IndonesiaCO2 removal,0.001,0.001,0.001,0.001,0.001,0.00100008,0.00100131,0.00101331,0.00108324,0.00163784,0.00268876,1,1,1,1,1,1,1,1,1,1,1975$/kg
"NEWdac_netzero_usa_global_ssp2_highEV_lowCCS,date=2022-25-10T21:52:49+20:00",Global,IndonesiaCO2 removal-tfe,1,1,1,1,1,1,1,1,1,1,1,1,1,1,1,1,1,1,1,1,1,EJ
"NEWdac_netzero_usa_global_ssp2_highEV_lowCCS,date=2022-25-10T21:52:49+20:00",Global,IndonesiaairCO2,0,0,0,0,0,-0.0444253,-0.0901879,-0.128534,-0.172649,-0.228165,-0.246492,1,1,1,1,1,1,1,1,1,1,1975$/kg
"NEWdac_netzero_usa_global_ssp2_highEV_lowCCS,date=2022-25-10T21:52:49+20:00",Global,JapanCO2 removal,0.001,0.001,0.001,0.001,0.001,0.00100011,0.00100194,0.00102362,0.00128663,0.00482258,0.0129173,1,1,1,1,1,1,1,1,1,1,1975$/kg
"NEWdac_netzero_usa_global_ssp2_highEV_lowCCS,date=2022-25-10T21:52:49+20:00",Global,JapanCO2 removal-tfe,1,1,1,1,1,1,1,1,1,1,1,1,1,1,1,1,1,1,1,1,1,EJ
"NEWdac_netzero_usa_global_ssp2_highEV_lowCCS,date=2022-25-10T21:52:49+20:00",Global,JapanairCO2,0,0,0,0,0,-0.0444253,-0.0901879,-0.128534,-0.172649,-0.228165,-0.246492,1,1,1,1,1,1,1,1,1,1,1975$/kg
"NEWdac_netzero_usa_global_ssp2_highEV_lowCCS,date=2022-25-10T21:52:49+20:00",Global,KSCO2 removal,0.001,0.001,0.001,0.001,0.001,0.00100005,0.00100129,0.00104688,0.00171649,0.0069063,0.0102193,1,1,1,1,1,1,1,1,1,1,1975$/kg
"NEWdac_netzero_usa_global_ssp2_highEV_lowCCS,date=2022-25-10T21:52:49+20:00",Global,KSCO2 removal-tfe,1,1,1,1,1,1,1,1,1,1,1,1,1,1,1,1,1,1,1,1,1,EJ
"NEWdac_netzero_usa_global_ssp2_highEV_lowCCS,date=2022-25-10T21:52:49+20:00",Global,KSairCO2,0,0,0,0,0,-0.0605629,-0.113423,-0.191145,-0.246206,-0.290296,-0.26917,1,1,1,1,1,1,1,1,1,1,1975$/kg
"NEWdac_netzero_usa_global_ssp2_highEV_lowCCS,date=2022-25-10T21:52:49+20:00",Global,KYCO2 removal,0.001,0.001,0.001,0.001,0.001,0.00100007,0.00100184,0.0010606,0.00192103,0.00789521,0.0118005,1,1,1,1,1,1,1,1,1,1,1975$/kg
"NEWdac_netzero_usa_global_ssp2_highEV_lowCCS,date=2022-25-10T21:52:49+20:00",Global,KYCO2 removal-tfe,1,1,1,1,1,1,1,1,1,1,1,1,1,1,1,1,1,1,1,1,1,EJ
"NEWdac_netzero_usa_global_ssp2_highEV_lowCCS,date=2022-25-10T21:52:49+20:00",Global,KYairCO2,0,0,0,0,0,-0.0605629,-0.113423,-0.191145,-0.246206,-0.290296,-0.26917,1,1,1,1,1,1,1,1,1,1,1975$/kg
"NEWdac_netzero_usa_global_ssp2_highEV_lowCCS,date=2022-25-10T21:52:49+20:00",Global,LACO2 removal,0.001,0.001,0.001,0.001,0.001,0.00100002,0.0010005,0.00101853,0.00129454,0.00387889,0.00599235,1,1,1,1,1,1,1,1,1,1,1975$/kg
"NEWdac_netzero_usa_global_ssp2_highEV_lowCCS,date=2022-25-10T21:52:49+20:00",Global,LACO2 removal-tfe,1,1,1,1,1,1,1,1,1,1,1,1,1,1,1,1,1,1,1,1,1,EJ
"NEWdac_netzero_usa_global_ssp2_highEV_lowCCS,date=2022-25-10T21:52:49+20:00",Global,LAairCO2,0,0,0,0,0,-0.0605629,-0.113423,-0.191145,-0.246206,-0.290296,-0.26917,1,1,1,1,1,1,1,1,1,1,1975$/kg
"NEWdac_netzero_usa_global_ssp2_highEV_lowCCS,date=2022-25-10T21:52:49+20:00",Global,MACO2 removal,0.001,0.001,0.001,0.001,0.001,0.001,0.001,0.00100002,0.00100055,0.00101045,0.00102837,1,1,1,1,1,1,1,1,1,1,1975$/kg
"NEWdac_netzero_usa_global_ssp2_highEV_lowCCS,date=2022-25-10T21:52:49+20:00",Global,MACO2 removal-tfe,1,1,1,1,1,1,1,1,1,1,1,1,1,1,1,1,1,1,1,1,1,EJ
"NEWdac_netzero_usa_global_ssp2_highEV_lowCCS,date=2022-25-10T21:52:49+20:00",Global,MAairCO2,0,0,0,0,0,-0.0605629,-0.113423,-0.191145,-0.246206,-0.290296,-0.26917,1,1,1,1,1,1,1,1,1,1,1975$/kg
"NEWdac_netzero_usa_global_ssp2_highEV_lowCCS,date=2022-25-10T21:52:49+20:00",Global,MDCO2 removal,0.001,0.001,0.001,0.001,0.001,0.00100001,0.00100045,0.00101694,0.00127178,0.00380083,0.00594096,1,1,1,1,1,1,1,1,1,1,1975$/kg
"NEWdac_netzero_usa_global_ssp2_highEV_lowCCS,date=2022-25-10T21:52:49+20:00",Global,MDCO2 removal-tfe,1,1,1,1,1,1,1,1,1,1,1,1,1,1,1,1,1,1,1,1,1,EJ
"NEWdac_netzero_usa_global_ssp2_highEV_lowCCS,date=2022-25-10T21:52:49+20:00",Global,MDairCO2,0,0,0,0,0,-0.0605629,-0.113423,-0.191145,-0.246206,-0.290296,-0.26917,1,1,1,1,1,1,1,1,1,1,1975$/kg
"NEWdac_netzero_usa_global_ssp2_highEV_lowCCS,date=2022-25-10T21:52:49+20:00",Global,MECO2 removal,0.001,0.001,0.001,0.001,0.001,0.225249,0.297573,0.297821,0.272866,0.234331,0.231295,1,1,1,1,1,1,1,1,1,1,1975$/kg
"NEWdac_netzero_usa_global_ssp2_highEV_lowCCS,date=2022-25-10T21:52:49+20:00",Global,MECO2 removal-tfe,1,1,1,1,1,1,1,1,1,1,1,1,1,1,1,1,1,1,1,1,1,EJ
"NEWdac_netzero_usa_global_ssp2_highEV_lowCCS,date=2022-25-10T21:52:49+20:00",Global,MEairCO2,0,0,0,0,0,-0.0605629,-0.113423,-0.191145,-0.246206,-0.290296,-0.26917,1,1,1,1,1,1,1,1,1,1,1975$/kg
"NEWdac_netzero_usa_global_ssp2_highEV_lowCCS,date=2022-25-10T21:52:49+20:00",Global,MICO2 removal,0.001,0.001,0.001,0.001,0.001,0.00100007,0.00100184,0.0010606,0.00192105,0.00789528,0.0118006,1,1,1,1,1,1,1,1,1,1,1975$/kg
"NEWdac_netzero_usa_global_ssp2_highEV_lowCCS,date=2022-25-10T21:52:49+20:00",Global,MICO2 removal-tfe,1,1,1,1,1,1,1,1,1,1,1,1,1,1,1,1,1,1,1,1,1,EJ
"NEWdac_netzero_usa_global_ssp2_highEV_lowCCS,date=2022-25-10T21:52:49+20:00",Global,MIairCO2,0,0,0,0,0,-0.0605629,-0.113423,-0.191145,-0.246206,-0.290296,-0.26917,1,1,1,1,1,1,1,1,1,1,1975$/kg
"NEWdac_netzero_usa_global_ssp2_highEV_lowCCS,date=2022-25-10T21:52:49+20:00",Global,MNCO2 removal,0.001,0.001,0.001,0.001,0.001,0.00100001,0.00100033,0.00101122,0.00118112,0.00297549,0.00450727,1,1,1,1,1,1,1,1,1,1,1975$/kg
"NEWdac_netzero_usa_global_ssp2_highEV_lowCCS,date=2022-25-10T21:52:49+20:00",Global,MNCO2 removal-tfe,1,1,1,1,1,1,1,1,1,1,1,1,1,1,1,1,1,1,1,1,1,EJ
"NEWdac_netzero_usa_global_ssp2_highEV_lowCCS,date=2022-25-10T21:52:49+20:00",Global,MNairCO2,0,0,0,0,0,-0.0605629,-0.113423,-0.191145,-0.246206,-0.290296,-0.26917,1,1,1,1,1,1,1,1,1,1,1975$/kg
"NEWdac_netzero_usa_global_ssp2_highEV_lowCCS,date=2022-25-10T21:52:49+20:00",Global,MOCO2 removal,0.001,0.001,0.001,0.001,0.001,0.00100004,0.00100104,0.00103617,0.00156635,0.00603599,0.00946557,1,1,1,1,1,1,1,1,1,1,1975$/kg
"NEWdac_netzero_usa_global_ssp2_highEV_lowCCS,date=2022-25-10T21:52:49+20:00",Global,MOCO2 removal-tfe,1,1,1,1,1,1,1,1,1,1,1,1,1,1,1,1,1,1,1,1,1,EJ
"NEWdac_netzero_usa_global_ssp2_highEV_lowCCS,date=2022-25-10T21:52:49+20:00",Global,MOairCO2,0,0,0,0,0,-0.0605629,-0.113423,-0.191145,-0.246206,-0.290296,-0.26917,1,1,1,1,1,1,1,1,1,1,1975$/kg
"NEWdac_netzero_usa_global_ssp2_highEV_lowCCS,date=2022-25-10T21:52:49+20:00",Global,MSCO2 removal,0.001,0.001,0.001,0.001,0.001,0.00100002,0.0010005,0.00101856,0.00129495,0.00388203,0.0059967,1,1,1,1,1,1,1,1,1,1,1975$/kg
"NEWdac_netzero_usa_global_ssp2_highEV_lowCCS,date=2022-25-10T21:52:49+20:00",Global,MSCO2 removal-tfe,1,1,1,1,1,1,1,1,1,1,1,1,1,1,1,1,1,1,1,1,1,EJ
"NEWdac_netzero_usa_global_ssp2_highEV_lowCCS,date=2022-25-10T21:52:49+20:00",Global,MSairCO2,0,0,0,0,0,-0.0605629,-0.113423,-0.191145,-0.246206,-0.290296,-0.26917,1,1,1,1,1,1,1,1,1,1,1975$/kg
"NEWdac_netzero_usa_global_ssp2_highEV_lowCCS,date=2022-25-10T21:52:49+20:00",Global,MTCO2 removal,0.001,0.001,0.001,0.001,0.001,0.00100003,0.00100086,0.00103368,0.00154776,0.00605497,0.00926072,1,1,1,1,1,1,1,1,1,1,1975$/kg
"NEWdac_netzero_usa_global_ssp2_highEV_lowCCS,date=2022-25-10T21:52:49+20:00",Global,MTCO2 removal-tfe,1,1,1,1,1,1,1,1,1,1,1,1,1,1,1,1,1,1,1,1,1,EJ
"NEWdac_netzero_usa_global_ssp2_highEV_lowCCS,date=2022-25-10T21:52:49+20:00",Global,MTairCO2,0,0,0,0,0,-0.0605629,-0.113423,-0.191145,-0.246206,-0.290296,-0.26917,1,1,1,1,1,1,1,1,1,1,1975$/kg
"NEWdac_netzero_usa_global_ssp2_highEV_lowCCS,date=2022-25-10T21:52:49+20:00",Global,MexicoCO2 removal,0.001,0.001,0.001,0.001,0.001,0.00100011,0.00100208,0.00102307,0.00129723,0.00500552,0.0126692,1,1,1,1,1,1,1,1,1,1,1975$/kg
"NEWdac_netzero_usa_global_ssp2_highEV_lowCCS,date=2022-25-10T21:52:49+20:00",Global,MexicoCO2 removal-tfe,1,1,1,1,1,1,1,1,1,1,1,1,1,1,1,1,1,1,1,1,1,EJ
"NEWdac_netzero_usa_global_ssp2_highEV_lowCCS,date=2022-25-10T21:52:49+20:00",Global,MexicoairCO2,0,0,0,0,0,-0.0444253,-0.0901879,-0.128534,-0.172649,-0.228165,-0.246492,1,1,1,1,1,1,1,1,1,1,1975$/kg
"NEWdac_netzero_usa_global_ssp2_highEV_lowCCS,date=2022-25-10T21:52:49+20:00",Global,Middle EastCO2 removal,0.001,0.001,0.001,0.001,0.001,0.00100005,0.00100105,0.00101448,0.00118497,0.00360432,0.0106288,1,1,1,1,1,1,1,1,1,1,1975$/kg
"NEWdac_netzero_usa_global_ssp2_highEV_lowCCS,date=2022-25-10T21:52:49+20:00",Global,Middle EastCO2 removal-tfe,1,1,1,1,1,1,1,1,1,1,1,1,1,1,1,1,1,1,1,1,1,EJ
"NEWdac_netzero_usa_global_ssp2_highEV_lowCCS,date=2022-25-10T21:52:49+20:00",Global,Middle EastairCO2,0,0,0,0,0,-0.0444253,-0.0901879,-0.128534,-0.172649,-0.228165,-0.246492,1,1,1,1,1,1,1,1,1,1,1975$/kg
"NEWdac_netzero_usa_global_ssp2_highEV_lowCCS,date=2022-25-10T21:52:49+20:00",Global,NCCO2 removal,0.001,0.001,0.001,0.001,0.001,0.00100002,0.0010005,0.00101856,0.0012951,0.00388313,0.00599816,1,1,1,1,1,1,1,1,1,1,1975$/kg
"NEWdac_netzero_usa_global_ssp2_highEV_lowCCS,date=2022-25-10T21:52:49+20:00",Global,NCCO2 removal-tfe,1,1,1,1,1,1,1,1,1,1,1,1,1,1,1,1,1,1,1,1,1,EJ
"NEWdac_netzero_usa_global_ssp2_highEV_lowCCS,date=2022-25-10T21:52:49+20:00",Global,NCairCO2,0,0,0,0,0,-0.0605629,-0.113423,-0.191145,-0.246206,-0.290296,-0.26917,1,1,1,1,1,1,1,1,1,1,1975$/kg
"NEWdac_netzero_usa_global_ssp2_highEV_lowCCS,date=2022-25-10T21:52:49+20:00",Global,NDCO2 removal,0.001,0.001,0.001,0.001,0.001,0.00100001,0.00100033,0.00101121,0.0011811,0.00297534,0.00450704,1,1,1,1,1,1,1,1,1,1,1975$/kg
"NEWdac_netzero_usa_global_ssp2_highEV_lowCCS,date=2022-25-10T21:52:49+20:00",Global,NDCO2 removal-tfe,1,1,1,1,1,1,1,1,1,1,1,1,1,1,1,1,1,1,1,1,1,EJ
"NEWdac_netzero_usa_global_ssp2_highEV_lowCCS,date=2022-25-10T21:52:49+20:00",Global,NDairCO2,0,0,0,0,0,-0.0605629,-0.113423,-0.191145,-0.246206,-0.290296,-0.26917,1,1,1,1,1,1,1,1,1,1,1975$/kg
"NEWdac_netzero_usa_global_ssp2_highEV_lowCCS,date=2022-25-10T21:52:49+20:00",Global,NECO2 removal,0.001,0.001,0.001,0.001,0.001,0.00100001,0.00100033,0.00101121,0.00118105,0.00297494,0.00450644,1,1,1,1,1,1,1,1,1,1,1975$/kg
"NEWdac_netzero_usa_global_ssp2_highEV_lowCCS,date=2022-25-10T21:52:49+20:00",Global,NECO2 removal-tfe,1,1,1,1,1,1,1,1,1,1,1,1,1,1,1,1,1,1,1,1,1,EJ
"NEWdac_netzero_usa_global_ssp2_highEV_lowCCS,date=2022-25-10T21:52:49+20:00",Global,NEairCO2,0,0,0,0,0,-0.0605629,-0.113423,-0.191145,-0.246206,-0.290296,-0.26917,1,1,1,1,1,1,1,1,1,1,1975$/kg
"NEWdac_netzero_usa_global_ssp2_highEV_lowCCS,date=2022-25-10T21:52:49+20:00",Global,NHCO2 removal,0.001,0.001,0.001,0.001,0.001,0.001,0.001,0.00100002,0.00100055,0.00101045,0.00102837,1,1,1,1,1,1,1,1,1,1,1975$/kg
"NEWdac_netzero_usa_global_ssp2_highEV_lowCCS,date=2022-25-10T21:52:49+20:00",Global,NHCO2 removal-tfe,1,1,1,1,1,1,1,1,1,1,1,1,1,1,1,1,1,1,1,1,1,EJ
"NEWdac_netzero_usa_global_ssp2_highEV_lowCCS,date=2022-25-10T21:52:49+20:00",Global,NHairCO2,0,0,0,0,0,-0.0605629,-0.113423,-0.191145,-0.246206,-0.290296,-0.26917,1,1,1,1,1,1,1,1,1,1,1975$/kg
"NEWdac_netzero_usa_global_ssp2_highEV_lowCCS,date=2022-25-10T21:52:49+20:00",Global,NJCO2 removal,0.001,0.001,0.001,0.001,0.001,0.00100001,0.00100045,0.00101694,0.00127178,0.00380083,0.00594096,1,1,1,1,1,1,1,1,1,1,1975$/kg
"NEWdac_netzero_usa_global_ssp2_highEV_lowCCS,date=2022-25-10T21:52:49+20:00",Global,NJCO2 removal-tfe,1,1,1,1,1,1,1,1,1,1,1,1,1,1,1,1,1,1,1,1,1,EJ
"NEWdac_netzero_usa_global_ssp2_highEV_lowCCS,date=2022-25-10T21:52:49+20:00",Global,NJairCO2,0,0,0,0,0,-0.0605629,-0.113423,-0.191145,-0.246206,-0.290296,-0.26917,1,1,1,1,1,1,1,1,1,1,1975$/kg
"NEWdac_netzero_usa_global_ssp2_highEV_lowCCS,date=2022-25-10T21:52:49+20:00",Global,NMCO2 removal,0.001,0.001,0.001,0.001,0.001,0.0010001,0.00100278,0.00109434,0.00236286,0.00968983,0.0131825,1,1,1,1,1,1,1,1,1,1,1975$/kg
"NEWdac_netzero_usa_global_ssp2_highEV_lowCCS,date=2022-25-10T21:52:49+20:00",Global,NMCO2 removal-tfe,1,1,1,1,1,1,1,1,1,1,1,1,1,1,1,1,1,1,1,1,1,EJ
"NEWdac_netzero_usa_global_ssp2_highEV_lowCCS,date=2022-25-10T21:52:49+20:00",Global,NMairCO2,0,0,0,0,0,-0.0605629,-0.113423,-0.191145,-0.246206,-0.290296,-0.26917,1,1,1,1,1,1,1,1,1,1,1975$/kg
"NEWdac_netzero_usa_global_ssp2_highEV_lowCCS,date=2022-25-10T21:52:49+20:00",Global,NVCO2 removal,0.001,0.001,0.001,0.001,0.001,0.00100003,0.00100086,0.00103357,0.00154582,0.00604015,0.00923789,1,1,1,1,1,1,1,1,1,1,1975$/kg
"NEWdac_netzero_usa_global_ssp2_highEV_lowCCS,date=2022-25-10T21:52:49+20:00",Global,NVCO2 removal-tfe,1,1,1,1,1,1,1,1,1,1,1,1,1,1,1,1,1,1,1,1,1,EJ
"NEWdac_netzero_usa_global_ssp2_highEV_lowCCS,date=2022-25-10T21:52:49+20:00",Global,NVairCO2,0,0,0,0,0,-0.0605629,-0.113423,-0.191145,-0.246206,-0.290296,-0.26917,1,1,1,1,1,1,1,1,1,1,1975$/kg
"NEWdac_netzero_usa_global_ssp2_highEV_lowCCS,date=2022-25-10T21:52:49+20:00",Global,NYCO2 removal,0.001,0.001,0.001,0.001,0.001,0.001,0.0010001,0.00100389,0.00107267,0.00199356,0.00315622,1,1,1,1,1,1,1,1,1,1,1975$/kg
"NEWdac_netzero_usa_global_ssp2_highEV_lowCCS,date=2022-25-10T21:52:49+20:00",Global,NYCO2 removal-tfe,1,1,1,1,1,1,1,1,1,1,1,1,1,1,1,1,1,1,1,1,1,EJ
"NEWdac_netzero_usa_global_ssp2_highEV_lowCCS,date=2022-25-10T21:52:49+20:00",Global,NYairCO2,0,0,0,0,0,-0.0605629,-0.113423,-0.191145,-0.246206,-0.290296,-0.26917,1,1,1,1,1,1,1,1,1,1,1975$/kg
"NEWdac_netzero_usa_global_ssp2_highEV_lowCCS,date=2022-25-10T21:52:49+20:00",Global,OHCO2 removal,0.001,0.001,0.001,0.001,0.001,0.00100007,0.00100184,0.0010606,0.00192105,0.00789528,0.0118006,1,1,1,1,1,1,1,1,1,1,1975$/kg
"NEWdac_netzero_usa_global_ssp2_highEV_lowCCS,date=2022-25-10T21:52:49+20:00",Global,OHCO2 removal-tfe,1,1,1,1,1,1,1,1,1,1,1,1,1,1,1,1,1,1,1,1,1,EJ
"NEWdac_netzero_usa_global_ssp2_highEV_lowCCS,date=2022-25-10T21:52:49+20:00",Global,OHairCO2,0,0,0,0,0,-0.0605629,-0.113423,-0.191145,-0.246206,-0.290296,-0.26917,1,1,1,1,1,1,1,1,1,1,1975$/kg
"NEWdac_netzero_usa_global_ssp2_highEV_lowCCS,date=2022-25-10T21:52:49+20:00",Global,OKCO2 removal,0.001,0.001,0.001,0.001,0.001,0.00100005,0.00100129,0.00104676,0.00171465,0.0068966,0.0102072,1,1,1,1,1,1,1,1,1,1,1975$/kg
"NEWdac_netzero_usa_global_ssp2_highEV_lowCCS,date=2022-25-10T21:52:49+20:00",Global,OKCO2 removal-tfe,1,1,1,1,1,1,1,1,1,1,1,1,1,1,1,1,1,1,1,1,1,EJ
"NEWdac_netzero_usa_global_ssp2_highEV_lowCCS,date=2022-25-10T21:52:49+20:00",Global,OKairCO2,0,0,0,0,0,-0.0605629,-0.113423,-0.191145,-0.246206,-0.290296,-0.26917,1,1,1,1,1,1,1,1,1,1,1975$/kg
"NEWdac_netzero_usa_global_ssp2_highEV_lowCCS,date=2022-25-10T21:52:49+20:00",Global,ORCO2 removal,0.001,0.001,0.001,0.001,0.001,0.00100002,0.00100075,0.00102966,0.00148835,0.00563575,0.0086606,1,1,1,1,1,1,1,1,1,1,1975$/kg
"NEWdac_netzero_usa_global_ssp2_highEV_lowCCS,date=2022-25-10T21:52:49+20:00",Global,ORCO2 removal-tfe,1,1,1,1,1,1,1,1,1,1,1,1,1,1,1,1,1,1,1,1,1,EJ
"NEWdac_netzero_usa_global_ssp2_highEV_lowCCS,date=2022-25-10T21:52:49+20:00",Global,ORairCO2,0,0,0,0,0,-0.0605629,-0.113423,-0.191145,-0.246206,-0.290296,-0.26917,1,1,1,1,1,1,1,1,1,1,1975$/kg
"NEWdac_netzero_usa_global_ssp2_highEV_lowCCS,date=2022-25-10T21:52:49+20:00",Global,PACO2 removal,0.001,0.001,0.001,0.001,0.001,0.00100002,0.00100051,0.00101926,0.00130572,0.00408118,0.00638385,1,1,1,1,1,1,1,1,1,1,1975$/kg
"NEWdac_netzero_usa_global_ssp2_highEV_lowCCS,date=2022-25-10T21:52:49+20:00",Global,PACO2 removal-tfe,1,1,1,1,1,1,1,1,1,1,1,1,1,1,1,1,1,1,1,1,1,EJ
"NEWdac_netzero_usa_global_ssp2_highEV_lowCCS,date=2022-25-10T21:52:49+20:00",Global,PAairCO2,0,0,0,0,0,-0.0605629,-0.113423,-0.191145,-0.246206,-0.290296,-0.26917,1,1,1,1,1,1,1,1,1,1,1975$/kg
"NEWdac_netzero_usa_global_ssp2_highEV_lowCCS,date=2022-25-10T21:52:49+20:00",Global,PakistanCO2 removal,0.001,0.001,0.001,0.001,0.001,0.00100005,0.00100093,0.00100906,0.00105565,0.00144824,0.00240113,1,1,1,1,1,1,1,1,1,1,1975$/kg
"NEWdac_netzero_usa_global_ssp2_highEV_lowCCS,date=2022-25-10T21:52:49+20:00",Global,PakistanCO2 removal-tfe,1,1,1,1,1,1,1,1,1,1,1,1,1,1,1,1,1,1,1,1,1,EJ
"NEWdac_netzero_usa_global_ssp2_highEV_lowCCS,date=2022-25-10T21:52:49+20:00",Global,PakistanairCO2,0,0,0,0,0,-0.0444253,-0.0901879,-0.128534,-0.172649,-0.228165,-0.246492,1,1,1,1,1,1,1,1,1,1,1975$/kg
"NEWdac_netzero_usa_global_ssp2_highEV_lowCCS,date=2022-25-10T21:52:49+20:00",Global,RICO2 removal,0.001,0.001,0.001,0.001,0.001,0.001,0.001,0.00100002,0.00100055,0.00101045,0.00102837,1,1,1,1,1,1,1,1,1,1,1975$/kg
"NEWdac_netzero_usa_global_ssp2_highEV_lowCCS,date=2022-25-10T21:52:49+20:00",Global,RICO2 removal-tfe,1,1,1,1,1,1,1,1,1,1,1,1,1,1,1,1,1,1,1,1,1,EJ
"NEWdac_netzero_usa_global_ssp2_highEV_lowCCS,date=2022-25-10T21:52:49+20:00",Global,RIairCO2,0,0,0,0,0,-0.0605629,-0.113423,-0.191145,-0.246206,-0.290296,-0.26917,1,1,1,1,1,1,1,1,1,1,1975$/kg
"NEWdac_netzero_usa_global_ssp2_highEV_lowCCS,date=2022-25-10T21:52:49+20:00",Global,RussiaCO2 removal,0.001,0.001,0.001,0.001,0.001,0.00100011,0.0010021,0.00102455,0.00129028,0.0048603,0.0132814,1,1,1,1,1,1,1,1,1,1,1975$/kg
"NEWdac_netzero_usa_global_ssp2_highEV_lowCCS,date=2022-25-10T21:52:49+20:00",Global,RussiaCO2 removal-tfe,1,1,1,1,1,1,1,1,1,1,1,1,1,1,1,1,1,1,1,1,1,EJ
"NEWdac_netzero_usa_global_ssp2_highEV_lowCCS,date=2022-25-10T21:52:49+20:00",Global,RussiaairCO2,0,0,0,0,0,-0.0444253,-0.0901879,-0.128534,-0.172649,-0.228165,-0.246492,1,1,1,1,1,1,1,1,1,1,1975$/kg
"NEWdac_netzero_usa_global_ssp2_highEV_lowCCS,date=2022-25-10T21:52:49+20:00",Global,SCCO2 removal,0.001,0.001,0.001,0.001,0.001,0.00100002,0.0010005,0.00101856,0.0012951,0.00388312,0.00599815,1,1,1,1,1,1,1,1,1,1,1975$/kg
"NEWdac_netzero_usa_global_ssp2_highEV_lowCCS,date=2022-25-10T21:52:49+20:00",Global,SCCO2 removal-tfe,1,1,1,1,1,1,1,1,1,1,1,1,1,1,1,1,1,1,1,1,1,EJ
"NEWdac_netzero_usa_global_ssp2_highEV_lowCCS,date=2022-25-10T21:52:49+20:00",Global,SCairCO2,0,0,0,0,0,-0.0605629,-0.113423,-0.191145,-0.246206,-0.290296,-0.26917,1,1,1,1,1,1,1,1,1,1,1975$/kg
"NEWdac_netzero_usa_global_ssp2_highEV_lowCCS,date=2022-25-10T21:52:49+20:00",Global,SDCO2 removal,0.001,0.001,0.001,0.001,0.001,0.00100001,0.00100033,0.00101121,0.00118105,0.00297496,0.00450647,1,1,1,1,1,1,1,1,1,1,1975$/kg
"NEWdac_netzero_usa_global_ssp2_highEV_lowCCS,date=2022-25-10T21:52:49+20:00",Global,SDCO2 removal-tfe,1,1,1,1,1,1,1,1,1,1,1,1,1,1,1,1,1,1,1,1,1,EJ
"NEWdac_netzero_usa_global_ssp2_highEV_lowCCS,date=2022-25-10T21:52:49+20:00",Global,SDairCO2,0,0,0,0,0,-0.0605629,-0.113423,-0.191145,-0.246206,-0.290296,-0.26917,1,1,1,1,1,1,1,1,1,1,1975$/kg
"NEWdac_netzero_usa_global_ssp2_highEV_lowCCS,date=2022-25-10T21:52:49+20:00",Global,South AfricaCO2 removal,0.001,0.001,0.001,0.001,0.001,0.00100006,0.00100132,0.00101255,0.0010816,0.00165895,0.00289012,1,1,1,1,1,1,1,1,1,1,1975$/kg
"NEWdac_netzero_usa_global_ssp2_highEV_lowCCS,date=2022-25-10T21:52:49+20:00",Global,South AfricaCO2 removal-tfe,1,1,1,1,1,1,1,1,1,1,1,1,1,1,1,1,1,1,1,1,1,EJ
"NEWdac_netzero_usa_global_ssp2_highEV_lowCCS,date=2022-25-10T21:52:49+20:00",Global,South AfricaairCO2,0,0,0,0,0,-0.0444253,-0.0901879,-0.128534,-0.172649,-0.228165,-0.246492,1,1,1,1,1,1,1,1,1,1,1975$/kg
"NEWdac_netzero_usa_global_ssp2_highEV_lowCCS,date=2022-25-10T21:52:49+20:00",Global,South America_NorthernCO2 removal,0.001,0.001,0.001,0.001,0.001,0.00100004,0.0010017,0.0010286,0.00130365,0.00457955,0.0112322,1,1,1,1,1,1,1,1,1,1,1975$/kg
"NEWdac_netzero_usa_global_ssp2_highEV_lowCCS,date=2022-25-10T21:52:49+20:00",Global,South America_NorthernCO2 removal-tfe,1,1,1,1,1,1,1,1,1,1,1,1,1,1,1,1,1,1,1,1,1,EJ
"NEWdac_netzero_usa_global_ssp2_highEV_lowCCS,date=2022-25-10T21:52:49+20:00",Global,South America_NorthernairCO2,0,0,0,0,0,-0.0444253,-0.0901879,-0.128534,-0.172649,-0.228165,-0.246492,1,1,1,1,1,1,1,1,1,1,1975$/kg
"NEWdac_netzero_usa_global_ssp2_highEV_lowCCS,date=2022-25-10T21:52:49+20:00",Global,South America_SouthernCO2 removal,0.001,0.001,0.001,0.001,0.001,0.00100009,0.001002,0.00102444,0.001274,0.00470827,0.012891,1,1,1,1,1,1,1,1,1,1,1975$/kg
"NEWdac_netzero_usa_global_ssp2_highEV_lowCCS,date=2022-25-10T21:52:49+20:00",Global,South America_SouthernCO2 removal-tfe,1,1,1,1,1,1,1,1,1,1,1,1,1,1,1,1,1,1,1,1,1,EJ
"NEWdac_netzero_usa_global_ssp2_highEV_lowCCS,date=2022-25-10T21:52:49+20:00",Global,South America_SouthernairCO2,0,0,0,0,0,-0.0444253,-0.0901879,-0.128534,-0.172649,-0.228165,-0.246492,1,1,1,1,1,1,1,1,1,1,1975$/kg
"NEWdac_netzero_usa_global_ssp2_highEV_lowCCS,date=2022-25-10T21:52:49+20:00",Global,South AsiaCO2 removal,0.001,0.001,0.001,0.001,0.001,0.00100005,0.00100097,0.00100977,0.00108291,0.00194518,0.00430074,1,1,1,1,1,1,1,1,1,1,1975$/kg
"NEWdac_netzero_usa_global_ssp2_highEV_lowCCS,date=2022-25-10T21:52:49+20:00",Global,South AsiaCO2 removal-tfe,1,1,1,1,1,1,1,1,1,1,1,1,1,1,1,1,1,1,1,1,1,EJ
"NEWdac_netzero_usa_global_ssp2_highEV_lowCCS,date=2022-25-10T21:52:49+20:00",Global,South AsiaairCO2,0,0,0,0,0,-0.0444253,-0.0901879,-0.128534,-0.172649,-0.228165,-0.246492,1,1,1,1,1,1,1,1,1,1,1975$/kg
"NEWdac_netzero_usa_global_ssp2_highEV_lowCCS,date=2022-25-10T21:52:49+20:00",Global,South KoreaCO2 removal,0.001,0.001,0.001,0,0,0,0,0,0,0,0,1,1,1,1,1,1,1,1,1,1,1975$/kg
"NEWdac_netzero_usa_global_ssp2_highEV_lowCCS,date=2022-25-10T21:52:49+20:00",Global,South KoreaCO2 removal-tfe,1,1,1,1,1,1,1,1,1,1,1,1,1,1,1,1,1,1,1,1,1,EJ
"NEWdac_netzero_usa_global_ssp2_highEV_lowCCS,date=2022-25-10T21:52:49+20:00",Global,South KoreaairCO2,0,0,0,0,0,-0.0444253,-0.0901879,-0.128534,-0.172649,-0.228165,-0.246492,1,1,1,1,1,1,1,1,1,1,1975$/kg
"NEWdac_netzero_usa_global_ssp2_highEV_lowCCS,date=2022-25-10T21:52:49+20:00",Global,Southeast AsiaCO2 removal,0.001,0.001,0.001,0.001,0.001,0.00100009,0.00100158,0.00101849,0.00121566,0.00395617,0.0113869,1,1,1,1,1,1,1,1,1,1,1975$/kg
"NEWdac_netzero_usa_global_ssp2_highEV_lowCCS,date=2022-25-10T21:52:49+20:00",Global,Southeast AsiaCO2 removal-tfe,1,1,1,1,1,1,1,1,1,1,1,1,1,1,1,1,1,1,1,1,1,EJ
"NEWdac_netzero_usa_global_ssp2_highEV_lowCCS,date=2022-25-10T21:52:49+20:00",Global,Southeast AsiaairCO2,0,0,0,0,0,-0.0444253,-0.0901879,-0.128534,-0.172649,-0.228165,-0.246492,1,1,1,1,1,1,1,1,1,1,1975$/kg
"NEWdac_netzero_usa_global_ssp2_highEV_lowCCS,date=2022-25-10T21:52:49+20:00",Global,TNCO2 removal,0.001,0.001,0.001,0.001,0.001,0.00100002,0.00100057,0.00102119,0.0013331,0.00418005,0.0064619,1,1,1,1,1,1,1,1,1,1,1975$/kg
"NEWdac_netzero_usa_global_ssp2_highEV_lowCCS,date=2022-25-10T21:52:49+20:00",Global,TNCO2 removal-tfe,1,1,1,1,1,1,1,1,1,1,1,1,1,1,1,1,1,1,1,1,1,EJ
"NEWdac_netzero_usa_global_ssp2_highEV_lowCCS,date=2022-25-10T21:52:49+20:00",Global,TNairCO2,0,0,0,0,0,-0.0605629,-0.113423,-0.191145,-0.246206,-0.290296,-0.26917,1,1,1,1,1,1,1,1,1,1,1975$/kg
"NEWdac_netzero_usa_global_ssp2_highEV_lowCCS,date=2022-25-10T21:52:49+20:00",Global,TXCO2 removal,0.001,0.001,0.001,0.001,0.001,0.00100016,0.00100405,0.00112866,0.00265289,0.00957639,0.0129967,1,1,1,1,1,1,1,1,1,1,1975$/kg
"NEWdac_netzero_usa_global_ssp2_highEV_lowCCS,date=2022-25-10T21:52:49+20:00",Global,TXCO2 removal-tfe,1,1,1,1,1,1,1,1,1,1,1,1,1,1,1,1,1,1,1,1,1,EJ
"NEWdac_netzero_usa_global_ssp2_highEV_lowCCS,date=2022-25-10T21:52:49+20:00",Global,TXairCO2,0,0,0,0,0,-0.0605629,-0.113423,-0.191145,-0.246206,-0.290296,-0.26917,1,1,1,1,1,1,1,1,1,1,1975$/kg
"NEWdac_netzero_usa_global_ssp2_highEV_lowCCS,date=2022-25-10T21:52:49+20:00",Global,TaiwanCO2 removal,0.001,0.001,0.001,0.001,0.001,0.00100007,0.00100036,0.00100076,0.001,0.001,0.001,1,1,1,1,1,1,1,1,1,1,1975$/kg
"NEWdac_netzero_usa_global_ssp2_highEV_lowCCS,date=2022-25-10T21:52:49+20:00",Global,TaiwanCO2 removal-tfe,1,1,1,1,1,1,1,1,1,1,1,1,1,1,1,1,1,1,1,1,1,EJ
"NEWdac_netzero_usa_global_ssp2_highEV_lowCCS,date=2022-25-10T21:52:49+20:00",Global,TaiwanairCO2,0,0,0,0,0,-0.0444253,-0.0901879,-0.128534,-0.172649,-0.228165,-0.246492,1,1,1,1,1,1,1,1,1,1,1975$/kg
"NEWdac_netzero_usa_global_ssp2_highEV_lowCCS,date=2022-25-10T21:52:49+20:00",Global,USACO2,0,0,0,0,0,133.965,250.891,422.813,544.608,642.135,595.405,0,0,0,0,0,0,0,0,0,0,1990$/tC
"NEWdac_netzero_usa_global_ssp2_highEV_lowCCS,date=2022-25-10T21:52:49+20:00",Global,USACO2_LUC,0,0,0,0,0,8.37282,31.3614,79.2773,136.152,200.667,223.277,0,0,0,0,0,0,0,0,0,0,1990$/tC
"NEWdac_netzero_usa_global_ssp2_highEV_lowCCS,date=2022-25-10T21:52:49+20:00",Global,UTCO2 removal,0.001,0.001,0.001,0.001,0.001,0.00100003,0.00100086,0.00103368,0.00154775,0.00605474,0.0092603,1,1,1,1,1,1,1,1,1,1,1975$/kg
"NEWdac_netzero_usa_global_ssp2_highEV_lowCCS,date=2022-25-10T21:52:49+20:00",Global,UTCO2 removal-tfe,1,1,1,1,1,1,1,1,1,1,1,1,1,1,1,1,1,1,1,1,1,EJ
"NEWdac_netzero_usa_global_ssp2_highEV_lowCCS,date=2022-25-10T21:52:49+20:00",Global,UTairCO2,0,0,0,0,0,-0.0605629,-0.113423,-0.191145,-0.246206,-0.290296,-0.26917,1,1,1,1,1,1,1,1,1,1,1975$/kg
"NEWdac_netzero_usa_global_ssp2_highEV_lowCCS,date=2022-25-10T21:52:49+20:00",Global,VACO2 removal,0.001,0.001,0.001,0.001,0.001,0.00100002,0.0010005,0.00101856,0.0012951,0.00388312,0.00599814,1,1,1,1,1,1,1,1,1,1,1975$/kg
"NEWdac_netzero_usa_global_ssp2_highEV_lowCCS,date=2022-25-10T21:52:49+20:00",Global,VACO2 removal-tfe,1,1,1,1,1,1,1,1,1,1,1,1,1,1,1,1,1,1,1,1,1,EJ
"NEWdac_netzero_usa_global_ssp2_highEV_lowCCS,date=2022-25-10T21:52:49+20:00",Global,VAairCO2,0,0,0,0,0,-0.0605629,-0.113423,-0.191145,-0.246206,-0.290296,-0.26917,1,1,1,1,1,1,1,1,1,1,1975$/kg
"NEWdac_netzero_usa_global_ssp2_highEV_lowCCS,date=2022-25-10T21:52:49+20:00",Global,VTCO2 removal,0.001,0.001,0.001,0.001,0.001,0.001,0.001,0.00100003,0.0010007,0.00101325,0.00103552,1,1,1,1,1,1,1,1,1,1,1975$/kg
"NEWdac_netzero_usa_global_ssp2_highEV_lowCCS,date=2022-25-10T21:52:49+20:00",Global,VTCO2 removal-tfe,1,1,1,1,1,1,1,1,1,1,1,1,1,1,1,1,1,1,1,1,1,EJ
"NEWdac_netzero_usa_global_ssp2_highEV_lowCCS,date=2022-25-10T21:52:49+20:00",Global,VTairCO2,0,0,0,0,0,-0.0605629,-0.113423,-0.191145,-0.246206,-0.290296,-0.26917,1,1,1,1,1,1,1,1,1,1,1975$/kg
"NEWdac_netzero_usa_global_ssp2_highEV_lowCCS,date=2022-25-10T21:52:49+20:00",Global,WACO2 removal,0.001,0.001,0.001,0.001,0.001,0.00100002,0.00100075,0.00102968,0.00148863,0.00563822,0.00866556,1,1,1,1,1,1,1,1,1,1,1975$/kg
"NEWdac_netzero_usa_global_ssp2_highEV_lowCCS,date=2022-25-10T21:52:49+20:00",Global,WACO2 removal-tfe,1,1,1,1,1,1,1,1,1,1,1,1,1,1,1,1,1,1,1,1,1,EJ
"NEWdac_netzero_usa_global_ssp2_highEV_lowCCS,date=2022-25-10T21:52:49+20:00",Global,WAairCO2,0,0,0,0,0,-0.0605629,-0.113423,-0.191145,-0.246206,-0.290296,-0.26917,1,1,1,1,1,1,1,1,1,1,1975$/kg
"NEWdac_netzero_usa_global_ssp2_highEV_lowCCS,date=2022-25-10T21:52:49+20:00",Global,WICO2 removal,0.001,0.001,0.001,0.001,0.001,0.00100004,0.00100104,0.00103621,0.00156684,0.00603891,0.00946931,1,1,1,1,1,1,1,1,1,1,1975$/kg
"NEWdac_netzero_usa_global_ssp2_highEV_lowCCS,date=2022-25-10T21:52:49+20:00",Global,WICO2 removal-tfe,1,1,1,1,1,1,1,1,1,1,1,1,1,1,1,1,1,1,1,1,1,EJ
"NEWdac_netzero_usa_global_ssp2_highEV_lowCCS,date=2022-25-10T21:52:49+20:00",Global,WIairCO2,0,0,0,0,0,-0.0605629,-0.113423,-0.191145,-0.246206,-0.290296,-0.26917,1,1,1,1,1,1,1,1,1,1,1975$/kg
"NEWdac_netzero_usa_global_ssp2_highEV_lowCCS,date=2022-25-10T21:52:49+20:00",Global,WVCO2 removal,0.001,0.001,0.001,0.001,0.001,0.00100007,0.00100184,0.0010606,0.00192104,0.00789527,0.0118005,1,1,1,1,1,1,1,1,1,1,1975$/kg
"NEWdac_netzero_usa_global_ssp2_highEV_lowCCS,date=2022-25-10T21:52:49+20:00",Global,WVCO2 removal-tfe,1,1,1,1,1,1,1,1,1,1,1,1,1,1,1,1,1,1,1,1,1,EJ
"NEWdac_netzero_usa_global_ssp2_highEV_lowCCS,date=2022-25-10T21:52:49+20:00",Global,WVairCO2,0,0,0,0,0,-0.0605629,-0.113423,-0.191145,-0.246206,-0.290296,-0.26917,1,1,1,1,1,1,1,1,1,1,1975$/kg
"NEWdac_netzero_usa_global_ssp2_highEV_lowCCS,date=2022-25-10T21:52:49+20:00",Global,WYCO2 removal,0.001,0.001,0.001,0.001,0.001,0.0010001,0.0010028,0.00109525,0.00237772,0.0097264,0.0132215,1,1,1,1,1,1,1,1,1,1,1975$/kg
"NEWdac_netzero_usa_global_ssp2_highEV_lowCCS,date=2022-25-10T21:52:49+20:00",Global,WYCO2 removal-tfe,1,1,1,1,1,1,1,1,1,1,1,1,1,1,1,1,1,1,1,1,1,EJ
"NEWdac_netzero_usa_global_ssp2_highEV_lowCCS,date=2022-25-10T21:52:49+20:00",Global,WYairCO2,0,0,0,0,0,-0.0605629,-0.113423,-0.191145,-0.246206,-0.290296,-0.26917,1,1,1,1,1,1,1,1,1,1,1975$/kg
